{
  "epoch": 4,
  "val_acc": 0.9728155339805825,
  "precision_real": 0.9729458917835672,
  "recall_real": 0.971,
  "f1_real": 0.9719719719719719,
  "macro_f1": 0.9727908870227437
}