{
  "epoch": 5,
  "val_acc": 0.9689320388349515,
  "precision_real": 0.9698795180722891,
  "recall_real": 0.966,
  "f1_real": 0.9679358717434869,
  "macro_f1": 0.9689020225007454
}