{
  "epoch": 8,
  "val_acc": 0.9713592233009709,
  "precision_real": 0.9590243902439024,
  "recall_real": 0.983,
  "f1_real": 0.9708641975308642,
  "macro_f1": 0.9713509531807065
}