{
  "epoch": 6,
  "val_acc": 0.9718446601941747,
  "precision_real": 0.9590643274853801,
  "recall_real": 0.984,
  "f1_real": 0.9713721618953604,
  "macro_f1": 0.9718369883020259
}