{
  "epoch": 2,
  "val_acc": 0.9150485436893204,
  "precision_real": 0.8794848206071757,
  "recall_real": 0.956,
  "f1_real": 0.9161475802587447,
  "macro_f1": 0.9150339475322253
}