{
  "epoch": 7,
  "val_acc": 0.9733009708737864,
  "precision_real": 0.9655172413793104,
  "recall_real": 0.98,
  "f1_real": 0.9727047146401985,
  "macro_f1": 0.9732882243034722
}