{
  "epoch": 1,
  "val_acc": 0.8849514563106796,
  "precision_real": 0.846503178928247,
  "recall_real": 0.932,
  "f1_real": 0.8871965730604474,
  "macro_f1": 0.884905864539139
}