{
  "epoch": 3,
  "val_acc": 0.9286407766990291,
  "precision_real": 0.9160975609756098,
  "recall_real": 0.939,
  "f1_real": 0.9274074074074075,
  "macro_f1": 0.9286201714841333
}